MaBN,Tuoi,CanNang,ChieuCao,HuyetAp,NhomMau,BMI
BN01,25,60.0,170.0,120/80,A,20.761245674740486
BN02,150,55.0,160.0,110/70,B,21.484374999999996
BN03,30,65.0,165.0,130/85,AB,23.875114784205696
BN04,-5,70.0,167.5,120/80,O,24.94987747828024
BN05,40,80.0,175.0,140/90,A,26.122448979591837
